{
  "version": 2,
  "builds": [
    {
      "src": "server/index.ts",
      "use": "@vercel/node"
    },
    {
      "src": "client/index.html",
      "use": "@vercel/static-build",
      "config": {
        "distDir": "client/dist"
      }
    }
  ],
  "routes": [
    {
      "src": "/api/(.*)",
      "dest": "/server/index.ts"
    },
    {
      "src": "/(.*)",
      "dest": "/client/dist/$1"
    }
  ],
  "env": {
    "NODE_ENV": "production"
  },
  "functions": {
    "server/index.ts": {
      "maxDuration": 30
    }
  }
}